{
  "replace": false,
  "values": [
    "#minecraft:is_forest",
    "minecraft:taiga",
    "minecraft:old_growth_pine_taiga",
    "minecraft:old_growth_spruce_taiga",
    {
      "id": "biomesoplenty:coniferous_forest",
      "required": false
    },
    {
      "id": "biomesoplenty:forested_field",
      "required": false
    },
    {
      "id": "biomesoplenty:grove",
      "required": false
    },
	{
      "id": "biomesoplenty:jacaranda_glade",
      "required": false
    },
    {
      "id": "biomesoplenty:maple_woods",
      "required": false
    },
    {
      "id": "biomesoplenty:mediterranean_forest",
      "required": false
    },
    {
      "id": "biomesoplenty:orchard",
      "required": false
    },
    {
      "id": "biomesoplenty:redwood_forest",
      "required": false
    },
    {
      "id": "biomesoplenty:seasonal_forest",
      "required": false
    },
    {
      "id": "biomesoplenty:seasonal_orchard",
      "required": false
    },
    {
      "id": "biomesoplenty:woodland",
      "required": false
    },
    {
      "id": "biomeswevegone:aspen_boreal",
      "required": false
    },
    {
      "id": "biomeswevegone:black_forest",
      "required": false
    },
    {
      "id": "biomeswevegone:cika_woods",
      "required": false
    },
    {
      "id": "biomeswevegone:coniferous_forest",
      "required": false
    },
    {
      "id": "biomeswevegone:dacite_ridges",
      "required": false
    },
    {
      "id": "biomeswevegone:ebony_woods",
      "required": false
    },
    {
      "id": "biomeswevegone:maple_taiga",
      "required": false
    },
    {
      "id": "biomeswevegone:orchard",
      "required": false
    },
    {
      "id": "biomeswevegone:overgrown_woodlands",
      "required": false
    },
    {
      "id": "biomeswevegone:redwood_thicket",
      "required": false
    },
    {
      "id": "biomeswevegone:skyrise_vale",
      "required": false
    },
    {
      "id": "biomeswevegone:temperate_grove",
      "required": false
    },
    {
      "id": "biomeswevegone:zelkova_forest",
      "required": false
    },
    {
      "id": "terralith:birch_taiga",
      "required": false
    },
    {
      "id": "terralith:cloud_forest",
      "required": false
    },
    {
      "id": "terralith:lush_valley",
      "required": false
    },
    {
      "id": "terralith:sakura_grove",
      "required": false
    },
    {
      "id": "terralith:sakura_valley",
      "required": false
    },
    {
      "id": "terralith:shield",
      "required": false
    },
    {
      "id": "terralith:shield_clearing",
      "required": false
    },
    {
      "id": "terralith:siberian_taiga",
      "required": false
    },
    {
      "id": "terralith:skylands_autumn",
      "required": false
    },
    {
      "id": "terralith:skylands_spring",
      "required": false
    },
    {
      "id": "terralith:temperate_highlands",
      "required": false
    },
    {
      "id": "terralith:yellowstone",
      "required": false
    },
    {
      "id": "terralith:yosemite_lowlands",
      "required": false
    }
  ]
}
