{
    "replace": false,
    "values": [
      "#c:is_cave",
      {
        "id": "biomesoplenty:glowing_grotto",
        "required": false
      },
      {
        "id": "biomesoplenty:spider_nest",
        "required": false
      },
      {
        "id": "terralith:cave/andesite_caves",
        "required": false
      },
      {
        "id": "terralith:cave/crystal_caves",
        "required": false
      },
      {
        "id": "terralith:cave/deep_caves",
        "required": false
      },
      {
        "id": "terralith:cave/desert_caves",
        "required": false
      },
      {
        "id": "terralith:cave/diorite_caves",
        "required": false
      },
      {
        "id": "terralith:cave/frostfire_caves",
        "required": false
      },
      {
        "id": "terralith:cave/fungal_caves",
        "required": false
      },
      {
        "id": "terralith:cave/granite_caves",
        "required": false
      },
      {
        "id": "terralith:cave/ice_caves",
        "required": false
      },
      {
        "id": "terralith:cave/infested_caves",
        "required": false
      },
      {
        "id": "terralith:cave/mantle_caves",
        "required": false
      },
      {
        "id": "terralith:cave/thermal_caves",
        "required": false
      },
      {
        "id": "terralith:cave/tuff_caves",
        "required": false
      },
      {
        "id": "terralith:cave/underground_jungle",
        "required": false
      }
    ]
  }
  
