{
  "replace": false,
  "values": [
    {
      "id": "biomesoplenty:bog",
      "required": false
    },
    {
      "id": "biomesoplenty:dead_forest",
      "required": false
    },
    {
      "id": "biomesoplenty:old_growth_dead_forest",
      "required": false
    },
    {
      "id": "biomesoplenty:ominous_woods",
      "required": false
    },
    {
      "id": "biomesoplenty:wasteland",
      "required": false
    },
    {
      "id": "biomesoplenty:wasteland_steppe",
      "required": false
    },
    {
      "id": "biomeswevegone:pale_bog",
      "required": false
    },
    {
      "id": "biomeswevegone:weeping_witch_forest",
      "required": false
    },
    {
      "id": "terralith:rocky_shrubland",
      "required": false
    },
    {
      "id": "terralith:warped_mesa",
      "required": false
    }
  ]
}
