{
  "replace": false,
  "values": [
    "minecraft:forest",
    "minecraft:flower_forest",
    {
      "id": "biomesoplenty:grove",
      "required": false
    },
	{
      "id": "biomesoplenty:jacaranda_glade",
      "required": false
    },
    {
      "id": "biomesoplenty:maple_woods",
      "required": false
    },
    {
      "id": "biomesoplenty:mediterranean_forest",
      "required": false
    },
    {
      "id": "biomesoplenty:orchard",
      "required": false
    },
    {
      "id": "biomesoplenty:seasonal_forest",
      "required": false
    },
    {
      "id": "biomesoplenty:seasonal_orchard",
      "required": false
    },
    {
      "id": "biomesoplenty:woodland",
      "required": false
    },
    {
      "id": "biomeswevegone:black_forest",
      "required": false
    },
    {
      "id": "biomeswevegone:maple_taiga",
      "required": false
    },
    {
      "id": "biomeswevegone:orchard",
      "required": false
    },
    {
      "id": "biomeswevegone:overgrown_woodlands",
      "required": false
    },
    {
      "id": "biomeswevegone:skyrise_vale",
      "required": false
    },
    {
      "id": "biomeswevegone:temperate_grove",
      "required": false
    },
    {
      "id": "biomeswevegone:zelkova_forest",
      "required": false
    },
    {
      "id": "terralith:sakura_grove",
      "required": false
    },
    {
      "id": "terralith:temperate_highlands",
      "required": false
    }
  ]
}
