{
  "replace": false,
  "values": [
    "minecraft:snowy_taiga",
    "minecraft:snowy_plains",
    "minecraft:snowy_beach",
    "minecraft:frozen_river",
    "minecraft:frozen_ocean",
    "minecraft:ice_spikes",
    "minecraft:frozen_peaks",
    {
      "id": "biomesoplenty:auroral_garden",
      "required": false
    },
    {
      "id": "biomesoplenty:cold_desert",
      "required": false
    },
    {
      "id": "biomesoplenty:muskeg",
      "required": false
    },
    {
      "id": "biomesoplenty:snowblossom_grove",
      "required": false
    },
    {
      "id": "biomesoplenty:snowy_coniferous_forest",
      "required": false
    },
    {
      "id": "biomesoplenty:snowy_fir_clearing",
      "required": false
    },
    {
      "id": "biomesoplenty:snowy_maple_woods",
      "required": false
    },
    {
      "id": "biomesoplenty:wintry_origin_valley",
      "required": false
    },
	{
      "id": "biomeswevegone:eroded_borealis",
      "required": false
    },
	{
      "id": "biomeswevegone:frosted_coniferous_forest",
      "required": false
    },
	{
      "id": "biomeswevegone:frosted_taiga",
      "required": false
    },
    {
      "id": "biomeswevegone:shattered_glacier",
      "required": false
    },
    {
      "id": "terralith:cold_shrubland",
      "required": false
    },
    {
      "id": "terralith:emerald_peaks",
      "required": false
    },
    {
      "id": "terralith:frozen_cliffs",
      "required": false
    },
    {
      "id": "terralith:glacial_chasm",
      "required": false
    },
    {
      "id": "terralith:gravel_desert",
      "required": false
    },
    {
      "id": "terralith:ice_marsh",
      "required": false
    },
    {
      "id": "terralith:snowy_badlands",
      "required": false
    },
    {
      "id": "terralith:snowy_shield",
      "required": false
    },
    {
      "id": "terralith:wintry_forest",
      "required": false
    },
    {
      "id": "terralith:wintry_lowlands",
      "required": false
    }
  ]
}
