{
  "replace": false,
  "values": [
    "minecraft:snowy_taiga",
    {
      "id": "biomesoplenty:auroral_garden",
      "required": false
    },
    {
      "id": "biomesoplenty:snowblossom_grove",
      "required": false
    },
    {
      "id": "biomesoplenty:snowy_coniferous_forest",
      "required": false
    },
    {
      "id": "biomesoplenty:snowy_fir_clearing",
      "required": false
    },
    {
      "id": "biomesoplenty:snowy_maple_forest",
      "required": false
    },
	{
      "id": "biomeswevegone:eroded_borealis",
      "required": false
    },
    {
      "id": "biomeswevegone:frosted_coniferous_forest",
      "required": false
    },
    {
      "id": "biomeswevegone:frosted_taiga",
      "required": false
    },
    {
      "id": "terralith:alpha_islands_winter",
      "required": false
    },
    {
      "id": "terralith:alpine_grove",
      "required": false
    },
    {
      "id": "terralith:siberian_grove",
      "required": false
    },
    {
      "id": "terralith:skylands_winter",
      "required": false
    },
    {
      "id": "terralith:snowy_cherry_grove",
      "required": false
    },
    {
      "id": "terralith:snowy_maple_forest",
      "required": false
    },
    {
      "id": "terralith:snowy_shield",
      "required": false
    },
    {
      "id": "terralith:wintry_forest",
      "required": false
    }
  ]
}
