{
  "replace": false,
  "values": [
    "#minecraft:is_jungle",
    {
      "id": "biomesoplenty:floodplain",
      "required": false
    },
    {
      "id": "biomesoplenty:fungal_jungle",
      "required": false
    },
    {
      "id": "biomesoplenty:rainforest",
      "required": false
    },
    {
      "id": "biomesoplenty:rocky_rainforest",
      "required": false
    },
    {
      "id": "biomesoplenty:tropics",
      "required": false
    },
    {
      "id": "biomeswevegone:fragment_jungle",
      "required": false
    },
    {
      "id": "biomeswevegone:jacaranda_jungle",
      "required": false
    },
    {
      "id": "biomeswevegone:tropical_rainforest",
      "required": false
    },
    {
      "id": "terralith:amethyst_canyon",
      "required": false
    },
    {
      "id": "terralith:amethyst_rainforest",
      "required": false
    },
    {
      "id": "terralith:jungle_mountains",
      "required": false
    },
    {
      "id": "terralith:rocky_jungle",
      "required": false
    },
    {
      "id": "terralith:skylands_summer",
      "required": false
    },
    {
      "id": "terralith:tropical_jungle",
      "required": false
    }
  ]
}
