{
  "replace": false,
  "values": [
    {
      "id": "biomesoplenty:lavender_field",
      "required": false
    },
    {
      "id": "biomesoplenty:mystic_forest",
      "required": false
    },
    {
      "id": "biomesoplenty:origin_valley",
      "required": false
    },
    {
      "id": "biomeswevegone:enchanted_tangle",
      "required": false
    },
    {
      "id": "biomeswevegone:forgotten_forest",
      "required": false
    },
    {
      "id": "biomeswevegone:skyrise_vale",
      "required": false
    },
    {
      "id": "biomeswevegone:weeping_witch_forest",
      "required": false
    },
    {
      "id": "terralith:alpha_islands",
      "required": false
    },
    {
      "id": "terralith:amethyst_canyon",
      "required": false
    },
    {
      "id": "terralith:amethyst_rainforest",
      "required": false
    },
    {
      "id": "terralith:lavender_valley",
      "required": false
    },
    {
      "id": "terralith:mirage_isles",
      "required": false
    },
    {
      "id": "terralith:moonlight_grove",
      "required": false
    },
    {
      "id": "terralith:moonlight_valley",
      "required": false
    }
  ]
}
