{
  "replace": false,
  "values": [
    "#minecraft:is_badlands",
    {
      "id": "biomeswevegone:red_rock_paeks",
      "required": false
    },
    {
      "id": "biomeswevegone:red_rock_valley",
      "required": false
    },
    {
      "id": "terralith:ancient_sands",
      "required": false
    },
    {
      "id": "terralith:bryce_canyon",
      "required": false
    },
    {
      "id": "terralith:painted_mountains",
      "required": false
    },
    {
      "id": "terralith:red_oasis",
      "required": false
    },
    {
      "id": "terralith:white_mesa",
      "required": false
    }
  ]
}
