{
  "replace": false,
  "values": [
    "minecraft:windswept_forest",
    "minecraft:grove",
    {
      "id": "biomesoplenty:fir_clearing",
      "required": false
    },
    {
      "id": "biomesoplenty:hot_springs",
      "required": false
    },
	{
      "id": "biomesoplenty:jade_cliffs",
      "required": false
    },
    {
      "id": "biomeswevegone:dacite_ridges",
      "required": false
    },
    {
      "id": "terralith:alpine_grove",
      "required": false
    },
    {
      "id": "terralith:cloud_forest",
      "required": false
    },
    {
      "id": "terralith:rocky_mountains",
      "required": false
    },
    {
      "id": "terralith:forested_highlands",
      "required": false
    },
    {
      "id": "terralith:haze_mountain",
      "required": false
    },
    {
      "id": "terralith:lush_valley",
      "required": false
    },
    {
      "id": "terralith:yellowstone",
      "required": false
    },
    {
      "id": "terralith:yosemite_lowlands",
      "required": false
    }
  ]
}
