{
  "replace": false,
  "values": [
    "minecraft:jagged_peaks",
    "minecraft:stony_peaks",
    "minecraft:snowy_slopes",
    "minecraft:windswept_hills",
    "minecraft:windswept_gravelly_hills",
    {
      "id": "biomesoplenty:crag",
      "required": false
    },
    {
      "id": "biomesoplenty:highland",
      "required": false
    },
    {
      "id": "biomesoplenty:jade_cliffs",
      "required": false
    },
    {
      "id": "biomeswevegone:howling_peaks",
      "required": false
    },
    {
      "id": "terralith:alpine_highlands",
      "required": false
    },
    {
      "id": "terralith:caldera",
      "required": false
    },
    {
      "id": "terralith:granite_cliffs",
      "required": false
    },
    {
      "id": "terralith:haze_mountain",
      "required": false
    },
    {
      "id": "terralith:highlands",
      "required": false
    },
    {
      "id": "terralith:rocky_mountains",
      "required": false
    },
    {
      "id": "terralith:scarlet_mountains",
      "required": false
    },
    {
      "id": "terralith:stony_spires",
      "required": false
    },
    {
      "id": "terralith:windswept_spires",
      "required": false
    },
    {
      "id": "terralith:yosemite_cliffs",
      "required": false
    }
  ]
}
