{
  "replace": false,
  "values": [
    "minecraft:plains",
    "minecraft:sunflower_plains",
    "minecraft:meadow",
    {
      "id": "biomesoplenty:field",
      "required": false
    },
    {
      "id": "biomesoplenty:grassland",
      "required": false
    },
    {
      "id": "biomesoplenty:meadow",
      "required": false
    },
    {
      "id": "biomesoplenty:moor",
      "required": false
    },
	{
      "id": "biomesoplenty:overgrown_greens",
      "required": false
    },
	{
      "id": "biomesoplenty:pasture",
      "required": false
    },
    {
      "id": "biomesoplenty:prairie",
      "required": false
    },
    {
      "id": "biomesoplenty:pumpkin_patch",
      "required": false
    },
    {
      "id": "biomesoplenty:rocky_shrubland",
      "required": false
    },
    {
      "id": "biomesoplenty:scrubland",
      "required": false
    },
    {
      "id": "biomesoplenty:shrubland",
      "required": false
    },
    {
      "id": "biomeswevegone:coconino_meadow",
      "required": false
    },
    {
      "id": "biomeswevegone:firecracker_chaparral",
      "required": false
    },
    {
      "id": "biomeswevegone:prairie",
      "required": false
    },
    {
      "id": "biomeswevegone:pumpkin_valley",
      "required": false
    },
    {
      "id": "terralith:brushland",
      "required": false
    },
    {
      "id": "terralith:hot_shrubland",
      "required": false
    },
    {
      "id": "terralith:shrubland",
      "required": false
    },
    {
      "id": "terralith:steppe",
      "required": false
    },
    {
      "id": "terralith:valley_clearing",
      "required": false
    }
  ]
}
