{
  "replace": false,
  "values": [
    "#minecraft:is_savanna",
    {
      "id": "biomesoplenty:lush_savanna",
      "required": false
    },
    {
      "id": "biomeswevegone:araucaria_savanna",
      "required": false
    },
    {
      "id": "biomeswevegone:atacama_outback",
      "required": false
    },
    {
      "id": "biomeswevegone:baobab_savanna",
      "required": false
    },
    {
      "id": "biomeswevegone:ironwood_gour",
      "required": false
    },
    {
      "id": "terralith:arid_highlands",
      "required": false
    },
    {
      "id": "terralith:fractured_savanna",
      "required": false
    },
    {
      "id": "terralith:savanna_badlands",
      "required": false
    },
    {
      "id": "terralith:savanna_slopes",
      "required": false
    }
  ]
}
