{
  "replace": false,
  "values": [
    "minecraft:swamp",
    "minecraft:mangrove_swamp",
    {
      "id": "biomesoplenty:bayou",
      "required": false
    },
    {
      "id": "biomesoplenty:bog",
      "required": false
    },
    {
      "id": "biomesoplenty:marsh",
      "required": false
    },
    {
      "id": "biomesoplenty:wetland",
      "required": false
    },
    {
      "id": "biomeswevegone:bayou",
      "required": false
    },
    {
      "id": "biomeswevegone:cypress_swamplands",
      "required": false
    },
    {
      "id": "biomeswevegone:cypress_wetlands",
      "required": false
    },
    {
      "id": "terralith:orchid_swamp",
      "required": false
    }
  ]
}
