{
  "replace": false,
  "values": [
    "minecraft:taiga",
    "minecraft:old_growth_pine_taiga",
    "minecraft:old_growth_spruce_taiga",
    {
      "id": "biomesoplenty:coniferous_forest",
      "required": false
    },
    {
      "id": "biomesoplenty:fir_clearing",
      "required": false
    },
    {
      "id": "biomesoplenty:forested_field",
      "required": false
    },
	{
      "id": "biomeswevegone:canadian_shield",
      "required": false
    },
	{
      "id": "biomeswevegone:cika_woods",
      "required": false
    },
    {
      "id": "biomeswevegone:coniferous_forest",
      "required": false
    },
    {
      "id": "terralith:cloud_forest",
      "required": false
    },
    {
      "id": "terralith:forested_highlands",
      "required": false
    },
    {
      "id": "terralith:shield",
      "required": false
    },
    {
      "id": "terralith:shield_clearing",
      "required": false
    },
    {
      "id": "terralith:siberian_taiga",
      "required": false
    },
    {
      "id": "terralith:skylands_autumn",
      "required": false
    },
    {
      "id": "terralith:yellowstone",
      "required": false
    },
    {
      "id": "terralith:yosemite_lowlands",
      "required": false
    }
  ]
}
