{
  "id": "Druddigon Caverock",
  "spawnInfos": [
    {
      "spec": "species:Druddigon",
      "stringLocationTypes": [
        "Cave Rock"
      ],
      "minLevel": 50,
      "maxLevel": 62,
      "typeID": "pokemon",
      "heldItems": [
        {
          "itemID": "pixelmon:dragon_fang",
          "percentChance": 5
        }
      ],
      "condition": {
        "biomes": [
          "#pixelmon:spawning/mountainous"
        ],
        "minY": 70
      },
      "rarity": 0.5
    }
  ]
}
