{
  "id": "Gastly Line Caverock",
  "spawnInfos": [
    {
      "spec": "species:Gastly",
      "stringLocationTypes": [
        "Cave Rock"
      ],
      "minLevel": 8,
      "maxLevel": 25,
      "typeID": "pokemon",
      "condition": {
        "maxLightLevel": 0
      },
      "rarityMultipliers": [
        {
          "multiplier": 2,
          "condition": {
            "neededNearbyBlocks": [
              "minecraft:oak_planks"
            ]
          }
        }
      ],
      "rarity": 100.0
    },
    {
      "spec": "species:Haunter",
      "stringLocationTypes": [
        "Cave Rock"
      ],
      "minLevel": 25,
      "maxLevel": 50,
      "typeID": "pokemon",
      "condition": {
        "maxLightLevel": 0
      },
      "rarityMultipliers": [
        {
          "multiplier": 2,
          "condition": {
            "neededNearbyBlocks": [
              "minecraft:oak_planks"
            ]
          }
        }
      ],
      "rarity": 7.0
    }
  ]
}