{
  "id": "Noibat Line Caverock",
  "spawnInfos": [
    {
      "spec": "species:Noibat",
      "stringLocationTypes": [
        "Cave Rock"
      ],
      "minLevel": 31,
      "maxLevel": 47,
      "typeID": "pokemon",
      "condition": {
        "biomes": [
          "#pixelmon:spawning/hills",
          "#pixelmon:spawning/jungles"
        ],
        "maxLightLevel": 0
      },
      "rarity": 0.5
    },
    {
      "spec": "species:Noivern",
      "stringLocationTypes": [
        "Cave Rock"
      ],
      "minLevel": 48,
      "maxLevel": 60,
      "typeID": "pokemon",
      "condition": {
        "biomes": [
          "#pixelmon:spawning/hills",
          "#pixelmon:spawning/jungles"
        ],
        "maxLightLevel": 0
      },
      "rarity": 0.1
    }
  ]
}
