{
  "id": "Nosepass Line Caverock",
  "spawnInfos": [
    {
      "spec": "species:Nosepass",
      "stringLocationTypes": [
        "Cave Rock"
      ],
      "minLevel": 10,
      "maxLevel": 50,
      "typeID": "pokemon",
      "heldItems": [
        {
          "itemID": "pixelmon:magnet",
          "percentChance": 5
        }
      ],
      "condition": {
        "biomes": [
          "#pixelmon:spawning/mesas"
        ]
      },
      "rarity": 8.0
    },
    {
      "spec": "species:Probopass",
      "stringLocationTypes": [
        "Cave Rock"
      ],
      "minLevel": 35,
      "maxLevel": 50,
      "typeID": "pokemon",
      "heldItems": [
        {
          "itemID": "pixelmon:magnet",
          "percentChance": 5
        }
      ],
      "condition": {
        "biomes": [
          "#pixelmon:spawning/mesas"
        ]
      },
      "rarity": 0.1
    }
  ]
}
