{
  "id": "Onix Caverock",
  "spawnInfos": [
    {
      "spec": "species:Onix",
      "stringLocationTypes": [
        "Cave Rock"
      ],
      "minLevel": 10,
      "maxLevel": 50,
      "typeID": "pokemon",
      "condition": {
        "maxLightLevel": 3
      },
      "rarity": 5.0
    },
    {
      "spec": "species:Onix",
      "stringLocationTypes": [
        "Cave Rock"
      ],
      "minLevel": 10,
      "maxLevel": 50,
      "typeID": "pokemon",
      "condition": {
        "biomes": [
          "#pixelmon:spawning/mountainous"
        ]
      },
      "rarity": 8.0
    }
  ]
}
