{
  "id": "Woobat Line Caverock",
  "spawnInfos": [
    {
      "spec": "species:Woobat",
      "stringLocationTypes": [
        "Cave Rock"
      ],
      "minLevel": 15,
      "maxLevel": 24,
      "typeID": "pokemon",
      "condition": {
        "biomes": [
          "#pixelmon:spawning/swamps",
          "minecraft:dark_forest",
          "#pixelmon:spawning/redwoods"
        ]
      },
      "rarity": 130.0
    },
    {
      "spec": "species:Swoobat",
      "stringLocationTypes": [
        "Cave Rock"
      ],
      "minLevel": 27,
      "maxLevel": 39,
      "typeID": "pokemon",
      "condition": {
        "biomes": [
          "#pixelmon:spawning/swamps",
          "minecraft:dark_forest",
          "#pixelmon:spawning/redwoods"
        ]
      },
      "rarity": 0.5
    }
  ]
}
