{
  "id": "Yamask Line Caverock",
  "spawnInfos": [
    {
      "spec": "species:Yamask",
      "stringLocationTypes": [
        "Cave Rock"
      ],
      "minLevel": 10,
      "maxLevel": 27,
      "typeID": "pokemon",
      "heldItems": [
        {
          "itemID": "pixelmon:spell_tag",
          "percentChance": 5
        }
      ],
      "condition": {
        "times": [
          "NIGHT"
        ],
        "biomes": [
          "#pixelmon:spawning/arid"
        ]
      },
      "rarityMultipliers": [
        {
          "multiplier": 2,
          "condition": {
            "neededNearbyBlocks": [
              "minecraft:sandstone"
            ]
          }
        }
      ],
      "rarity": 40.0
    },
    {
      "spec": "species:Yamask form:galarian",
      "stringLocationTypes": [
        "Cave Rock"
      ],
      "minLevel": 10,
      "maxLevel": 27,
      "typeID": "pokemon",
      "heldItems": [
        {
          "itemID": "pixelmon:spell_tag",
          "percentChance": 5
        }
      ],
      "condition": {
        "times": [
          "NIGHT"
        ],
        "biomes": [
          "#pixelmon:spawning/mesas"
        ]
      },
      "rarityMultipliers": [
        {
          "multiplier": 2,
          "condition": {
            "neededNearbyBlocks": [
              "minecraft:red_sandstone"
            ]
          }
        }
      ],
      "rarity": 40.0
    },
    {
      "spec": "species:Cofagrigus",
      "stringLocationTypes": [
        "Cave Rock"
      ],
      "minLevel": 35,
      "maxLevel": 47,
      "typeID": "pokemon",
      "heldItems": [
        {
          "itemID": "pixelmon:spell_tag",
          "percentChance": 5
        }
      ],
      "condition": {
        "times": [
          "NIGHT"
        ],
        "biomes": [
          "#pixelmon:spawning/arid"
        ]
      },
      "rarityMultipliers": [
        {
          "multiplier": 2,
          "condition": {
            "neededNearbyBlocks": [
              "minecraft:sandstone"
            ]
          }
        }
      ],
      "rarity": 0.5
    },
    {
      "spec": "species:Runerigus",
      "stringLocationTypes": [
        "Cave Rock"
      ],
      "minLevel": 35,
      "maxLevel": 47,
      "typeID": "pokemon",
      "heldItems": [
        {
          "itemID": "pixelmon:spell_tag",
          "percentChance": 5
        }
      ],
      "condition": {
        "times": [
          "NIGHT"
        ],
        "biomes": [
          "#pixelmon:spawning/mesas"
        ]
      },
      "rarityMultipliers": [
        {
          "multiplier": 2,
          "condition": {
            "neededNearbyBlocks": [
              "minecraft:red_sandstone"
            ]
          }
        }
      ],
      "rarity": 0.5
    }
  ]
}
