{
  "id": "Bruxish Fishing",
  "spawnInfos": [
    {
      "spec": "species:Bruxish",
      "stringLocationTypes": [
        "Super Rod"
      ],
      "minLevel": 18,
      "maxLevel": 34,
      "typeID": "pokemon",
      "heldItems": [
        {
          "itemID": "pixelmon:razor_fang",
          "percentChance": 5
        }
      ],
      "condition": {
        "biomes": [
          "minecraft:ocean",
          "minecraft:warm_ocean",
          "minecraft:lukewarm_ocean",
          "byg:coral_mangroves",
          "#pixelmon:spawning/beaches",
          "pixelmon:ultra_jungle"
        ]
      },
      "anticondition": {
        "biomes": [
          "#pixelmon:spawning/freezing"
        ]
      },
      "rarity": 9.0
    }
  ]
}
