{
  "id": "Chewtle Line Fishing",
  "spawnInfos": [
    {
      "spec": "species:Chewtle",
      "stringLocationTypes": [
        "Old Rod"
      ],
      "minLevel": 5,
      "maxLevel": 20,
      "typeID": "pokemon",
      "condition": {
        "biomes": [
          "#pixelmon:spawning/swamps",
          "#pixelmon:spawning/rivers",
          "#pixelmon:spawning/lakes"
        ]
      },
      "rarity": 60.0
    },
    {
      "spec": "species:Chewtle",
      "stringLocationTypes": [
        "Good Rod"
      ],
      "minLevel": 5,
      "maxLevel": 20,
      "typeID": "pokemon",
      "condition": {
        "biomes": [
          "#pixelmon:spawning/swamps",
          "#pixelmon:spawning/rivers",
          "#pixelmon:spawning/lakes"
        ]
      },
      "rarity": 100.0
    },
    {
      "spec": "species:Drednaw",
      "stringLocationTypes": [
        "Good Rod"
      ],
      "minLevel": 22,
      "maxLevel": 40,
      "typeID": "pokemon",
      "condition": {
        "biomes": [
          "#pixelmon:spawning/swamps",
          "#pixelmon:spawning/rivers",
          "#pixelmon:spawning/lakes",
          "pixelmon:ultra_deep_sea"
        ]
      },
      "rarity": 20.0
    },
    {
      "spec": "species:Drednaw",
      "stringLocationTypes": [
        "Super Rod"
      ],
      "minLevel": 22,
      "maxLevel": 40,
      "typeID": "pokemon",
      "condition": {
        "biomes": [
          "#pixelmon:spawning/swamps",
          "#pixelmon:spawning/rivers",
          "#pixelmon:spawning/lakes",
          "pixelmon:ultra_deep_sea"
        ]
      },
      "rarity": 40.0
    }
  ]
}
