{
  "id": "Chinchou Line Fishing",
  "spawnInfos": [
    {
      "spec": "species:Chinchou",
      "stringLocationTypes": [
        "Good Rod"
      ],
      "minLevel": 10,
      "maxLevel": 25,
      "typeID": "pokemon",
      "heldItems": [
        {
          "itemID": "pixelmon:deep_sea_scale",
          "percentChance": 5
        }
      ],
      "condition": {
        "biomes": [
          "minecraft:deep_ocean",
          "minecraft:deep_warm_ocean",
          "minecraft:deep_lukewarm_ocean",
          "minecraft:deep_cold_ocean",
          "pixelmon:ultra_plant"
        ]
      },
      "rarity": 60.0
    },
    {
      "spec": "species:Chinchou",
      "stringLocationTypes": [
        "Super Rod"
      ],
      "minLevel": 10,
      "maxLevel": 28,
      "typeID": "pokemon",
      "heldItems": [
        {
          "itemID": "pixelmon:deep_sea_scale",
          "percentChance": 5
        }
      ],
      "condition": {
        "biomes": [
          "minecraft:deep_ocean",
          "minecraft:deep_warm_ocean",
          "minecraft:deep_lukewarm_ocean",
          "minecraft:deep_cold_ocean",
          "pixelmon:ultra_plant"
        ]
      },
      "rarity": 100.0
    },
    {
      "spec": "species:Lanturn",
      "stringLocationTypes": [
        "Good Rod"
      ],
      "minLevel": 30,
      "maxLevel": 43,
      "typeID": "pokemon",
      "heldItems": [
        {
          "itemID": "pixelmon:deep_sea_scale",
          "percentChance": 5
        }
      ],
      "condition": {
        "biomes": [
          "minecraft:deep_ocean",
          "minecraft:deep_warm_ocean",
          "minecraft:deep_lukewarm_ocean",
          "minecraft:deep_cold_ocean",
          "pixelmon:ultra_plant"
        ]
      },
      "rarity": 7.0
    },
    {
      "spec": "species:Lanturn",
      "stringLocationTypes": [
        "Super Rod"
      ],
      "minLevel": 35,
      "maxLevel": 47,
      "typeID": "pokemon",
      "heldItems": [
        {
          "itemID": "pixelmon:deep_sea_scale",
          "percentChance": 5
        }
      ],
      "condition": {
        "biomes": [
          "minecraft:deep_ocean",
          "minecraft:deep_warm_ocean",
          "minecraft:deep_lukewarm_ocean",
          "minecraft:deep_cold_ocean"
        ]
      },
      "rarity": 20.0
    }
  ]
}
