{
  "id": "Clamperl Line Fishing",
  "spawnInfos": [
    {
      "spec": "species:Clamperl",
      "stringLocationTypes": [
        "Good Rod"
      ],
      "minLevel": 15,
      "maxLevel": 30,
      "typeID": "pokemon",
      "heldItems": [
        {
          "itemID": "pixelmon:pearl",
          "percentChance": 50
        },
        {
          "itemID": "pixelmon:big_pearl",
          "percentChance": 5
        }
      ],
      "condition": {
        "biomes": [
          "#pixelmon:spawning/oceanic",
          "pixelmon:ultra_desert"
        ]
      },
      "anticondition": {
        "biomes": [
          "#pixelmon:spawning/freezing"
        ]
      },
      "rarity": 60.0
    },
    {
      "spec": "species:Clamperl",
      "stringLocationTypes": [
        "Super Rod"
      ],
      "minLevel": 15,
      "maxLevel": 30,
      "typeID": "pokemon",
      "heldItems": [
        {
          "itemID": "pixelmon:pearl",
          "percentChance": 10
        },
        {
          "itemID": "pixelmon:big_pearl",
          "percentChance": 5
        }
      ],
      "condition": {
        "biomes": [
          "#pixelmon:spawning/oceanic",
          "pixelmon:ultra_desert"
        ]
      },
      "anticondition": {
        "biomes": [
          "#pixelmon:spawning/freezing"
        ]
      },
      "rarity": 130.0
    },
    {
      "spec": "species:Huntail",
      "stringLocationTypes": [
        "Super Rod"
      ],
      "minLevel": 30,
      "maxLevel": 43,
      "typeID": "pokemon",
      "heldItems": [
        {
          "itemID": "pixelmon:deep_sea_tooth",
          "percentChance": 5
        }
      ],
      "condition": {
        "times": [
          "NIGHT"
        ],
        "biomes": [
          "minecraft:deep_ocean",
          "minecraft:deep_warm_ocean",
          "minecraft:deep_lukewarm_ocean",
          "minecraft:deep_cold_ocean",
          "pixelmon:ultra_desert"
        ]
      },
      "rarity": 7.0
    },
    {
      "spec": "species:Gorebyss",
      "stringLocationTypes": [
        "Super Rod"
      ],
      "minLevel": 30,
      "maxLevel": 43,
      "typeID": "pokemon",
      "heldItems": [
        {
          "itemID": "pixelmon:deep_sea_scale",
          "percentChance": 5
        }
      ],
      "condition": {
        "times": [
          "DAY"
        ],
        "biomes": [
          "#pixelmon:spawning/oceanic",
          "pixelmon:ultra_desert"
        ]
      },
      "anticondition": {
        "biomes": [
          "#pixelmon:spawning/freezing"
        ]
      },
      "rarity": 7.0
    }
  ]
}
