{
  "id": "Clobbopus Line Fishing",
  "spawnInfos": [
    {
      "spec": "species:Clobbopus",
      "stringLocationTypes": [
        "Good Rod"
      ],
      "minLevel": 10,
      "maxLevel": 30,
      "typeID": "pokemon",
      "condition": {
        "biomes": [
          "#pixelmon:spawning/oceanic"
        ]
      },
      "rarity": 60.0
    },
    {
      "spec": "species:Clobbopus",
      "stringLocationTypes": [
        "Super Rod"
      ],
      "minLevel": 10,
      "maxLevel": 30,
      "typeID": "pokemon",
      "condition": {
        "biomes": [
          "#pixelmon:spawning/oceanic"
        ]
      },
      "rarity": 100.0
    },
    {
      "spec": "species:Grapploct",
      "stringLocationTypes": [
        "Super Rod"
      ],
      "minLevel": 30,
      "maxLevel": 55,
      "typeID": "pokemon",
      "condition": {
        "biomes": [
          "#pixelmon:spawning/oceanic",
          "pixelmon:ultra_plant"
        ]
      },
      "rarity": 5.0
    }
  ]
}
