{
    "id": "Dondozo Fishing",
    "spawnInfos": [
      {
        "spec": "species:Dondozo",
        "stringLocationTypes": [
          "Good Rod"
        ],
        "minLevel": 25,
        "maxLevel": 50,
        "typeID": "pokemon",
        "condition": {
          "times": [
            "DAY"
          ],
          "biomes": [
            "#pixelmon:spawning/rivers",
            "#pixelmon:spawning/lakes",
            "#pixelmon:spawning/swamps"
          ]
        },
        "rarity": 50.0
      },
      {
        "spec": "species:Dondozo",
        "stringLocationTypes": [
          "Super Rod"
        ],
        "minLevel": 25,
        "maxLevel": 50,
        "typeID": "pokemon",
        "condition": {
          "times": [
            "DAY"
          ],
          "biomes": [
            "#pixelmon:spawning/rivers",
            "#pixelmon:spawning/lakes",
            "#pixelmon:spawning/swamps"
          ]
        },
        "rarity": 25.0
      }
    ]
  }
