{
  "id": "Feebas Line Fishing",
  "spawnInfos": [
    {
      "spec": "species:Feebas",
      "stringLocationTypes": [
        "Good Rod"
      ],
      "minLevel": 5,
      "maxLevel": 17,
      "typeID": "pokemon",
      "heldItems": [
        {
          "itemID": "pixelmon:prism_scale",
          "percentChance": 1
        }
      ],
      "condition": {
        "biomes": [
          "#pixelmon:spawning/swamps",
          "#pixelmon:spawning/lakes",
          "byg:crag_gardens",
          "pixelmon:ultra_desert"
        ]
      },
      "rarity": 9.0
    },
    {
      "spec": "species:Feebas",
      "stringLocationTypes": [
        "Super Rod"
      ],
      "minLevel": 5,
      "maxLevel": 17,
      "typeID": "pokemon",
      "heldItems": [
        {
          "itemID": "pixelmon:prism_scale",
          "percentChance": 1
        }
      ],
      "condition": {
        "biomes": [
          "#pixelmon:spawning/swamps",
          "#pixelmon:spawning/lakes",
          "byg:crag_gardens",
          "pixelmon:ultra_desert"
        ]
      },
      "rarity": 30.0
    },
    {
      "spec": "species:Milotic",
      "stringLocationTypes": [
        "Super Rod"
      ],
      "minLevel": 40,
      "maxLevel": 53,
      "typeID": "pokemon",
      "condition": {
        "biomes": [
          "#pixelmon:spawning/oceanic",
          "pixelmon:ultra_desert"
        ]
      },
      "anticondition": {
        "biomes": [
          "#pixelmon:spawning/freezing"
        ]
      },
      "rarity": 1.0
    }
  ]
}
