{
  "id": "Finneon Line Fishing",
  "spawnInfos": [
    {
      "spec": "species:Finneon",
      "stringLocationTypes": [
        "Good Rod"
      ],
      "minLevel": 10,
      "maxLevel": 25,
      "typeID": "pokemon",
      "condition": {
        "biomes": [
          "minecraft:ocean",
          "minecraft:deep_ocean",
          "minecraft:warm_ocean",
          "minecraft:deep_warm_ocean",
          "minecraft:lukewarm_ocean",
          "minecraft:deep_lukewarm_ocean",
          "#pixelmon:spawning/beaches",
          "byg:coral_mangroves"
        ]
      },
      "rarity": 60.0
    },
    {
      "spec": "species:Finneon",
      "stringLocationTypes": [
        "Super Rod"
      ],
      "minLevel": 10,
      "maxLevel": 28,
      "typeID": "pokemon",
      "condition": {
        "biomes": [
          "#pixelmon:spawning/oceanic",
          "#pixelmon:spawning/beaches",
          "byg:coral_mangroves"
        ]
      },
      "anticondition": {
        "biomes": [
          "#pixelmon:spawning/freezing"
        ]
      },
      "rarity": 100.0
    },
    {
      "spec": "species:Lumineon",
      "stringLocationTypes": [
        "Good Rod"
      ],
      "minLevel": 32,
      "maxLevel": 45,
      "typeID": "pokemon",
      "condition": {
        "biomes": [
          "minecraft:deep_ocean",
          "minecraft:deep_warm_ocean",
          "minecraft:deep_lukewarm_ocean",
          "minecraft:deep_cold_ocean"
        ]
      },
      "rarity": 7.0
    },
    {
      "spec": "species:Lumineon",
      "stringLocationTypes": [
        "Super Rod"
      ],
      "minLevel": 35,
      "maxLevel": 50,
      "typeID": "pokemon",
      "condition": {
        "biomes": [
          "#pixelmon:spawning/oceanic"
        ]
      },
      "anticondition": {
        "biomes": [
          "#pixelmon:spawning/freezing"
        ]
      },
      "rarity": 20.0
    }
  ]
}
