{
  "id": "Magby Line Fishing",
  "spawnInfos": [
    {
      "spec": "species:Magby",
      "stringLocationTypes": [
        "Good Rod Lava"
      ],
      "minLevel": 5,
      "maxLevel": 15,
      "typeID": "pokemon",
      "condition": {
        "biomes": [
          "#pixelmon:spawning/hellish",
          "pixelmon:ultra_desert"
        ]
      },
      "rarity": 50.0
    },
    {
      "spec": "species:Magmar",
      "stringLocationTypes": [
        "Good Rod Lava"
      ],
      "minLevel": 30,
      "maxLevel": 45,
      "typeID": "pokemon",
      "heldItems": [
        {
          "itemID": "pixelmon:magmarizer",
          "percentChance": 5
        }
      ],
      "condition": {
        "biomes": [
          "#pixelmon:spawning/arid",
          "#pixelmon:spawning/mesas",
          "#pixelmon:spawning/volcanic",
          "#pixelmon:spawning/hellish",
          "pixelmon:ultra_desert"
        ]
      },
      "rarity": 20.0
    },
    {
      "spec": "species:Magmar",
      "stringLocationTypes": [
        "Super Rod Lava"
      ],
      "minLevel": 25,
      "maxLevel": 35,
      "typeID": "pokemon",
      "heldItems": [
        {
          "itemID": "pixelmon:magmarizer",
          "percentChance": 5
        }
      ],
      "condition": {
        "biomes": [
          "#pixelmon:spawning/arid",
          "#pixelmon:spawning/mesas",
          "#pixelmon:spawning/volcanic",
          "#pixelmon:spawning/hellish",
          "pixelmon:ultra_desert"
        ]
      },
      "rarity": 50.0
    }
  ]
}
