{
  "id": "Mareanie Line Fishing",
  "spawnInfos": [
    {
      "spec": "species:Mareanie",
      "stringLocationTypes": [
        "Good Rod"
      ],
      "minLevel": 5,
      "maxLevel": 25,
      "typeID": "pokemon",
      "heldItems": [
        {
          "itemID": "pixelmon:poison_barb",
          "percentChance": 5
        }
      ],
      "condition": {
        "biomes": [
          "minecraft:ocean",
          "minecraft:warm_ocean",
          "minecraft:lukewarm_ocean",
          "minecraft:cold_ocean",
          "#pixelmon:spawning/beaches",
          "pixelmon:ultra_deep_sea"
        ]
      },
      "anticondition": {
        "biomes": [
          "#pixelmon:spawning/freezing"
        ]
      },
      "rarity": 100.0
    },
    {
      "spec": "species:Mareanie",
      "stringLocationTypes": [
        "Super Rod"
      ],
      "minLevel": 15,
      "maxLevel": 30,
      "typeID": "pokemon",
      "heldItems": [
        {
          "itemID": "pixelmon:poison_barb",
          "percentChance": 5
        }
      ],
      "condition": {
        "biomes": [
          "#pixelmon:spawning/oceanic",
          "#pixelmon:spawning/beaches",
          "pixelmon:ultra_deep_sea"
        ]
      },
      "anticondition": {
        "biomes": [
          "#pixelmon:spawning/freezing"
        ]
      },
      "rarity": 20.0
    },
    {
      "spec": "species:Toxapex",
      "stringLocationTypes": [
        "Super Rod"
      ],
      "minLevel": 33,
      "maxLevel": 45,
      "typeID": "pokemon",
      "heldItems": [
        {
          "itemID": "pixelmon:poison_barb",
          "percentChance": 5
        }
      ],
      "condition": {
        "biomes": [
          "#pixelmon:spawning/oceanic",
          "#pixelmon:spawning/beaches",
          "pixelmon:ultra_deep_sea"
        ]
      },
      "anticondition": {
        "biomes": [
          "#pixelmon:spawning/freezing"
        ]
      },
      "rarity": 7.0
    }
  ]
}
