{
    "id": "Piplup Line Fishing",
    "spawnInfos": [
      {
        "spec": "species:Piplup",
        "stringLocationTypes": [
          "Old Rod"
        ],
        "minLevel": 10,
        "maxLevel": 16,
        "typeID": "pokemon",
        "condition": {
          "biomes": [
            "#pixelmon:spawning/freezing"
          ]
        },
        "anticondition": {
          "biomes": [
            "#pixelmon:spawning/freezing_forests",
            "#pixelmon:spawning/freezing_mountains"
          ]
        },
        "rarity": 0.5
      },
      {
        "spec": "species:Piplup",
        "stringLocationTypes": [
          "Good Rod"
        ],
        "minLevel": 15,
        "maxLevel": 25,
        "typeID": "pokemon",
        "condition": {
          "biomes": [
            "#pixelmon:spawning/freezing"
          ]
        },
        "anticondition": {
          "biomes": [
            "#pixelmon:spawning/freezing_forests",
            "#pixelmon:spawning/freezing_mountains"
          ]
        },
        "rarity": 5.0
      },
      {
        "spec": "species:Prinplup",
        "stringLocationTypes": [
          "Good Rod"
        ],
        "minLevel": 20,
        "maxLevel": 30,
        "typeID": "pokemon",
        "condition": {
          "biomes": [
            "#pixelmon:spawning/freezing"
          ]
        },
        "anticondition": {
          "biomes": [
            "#pixelmon:spawning/freezing_forests",
            "#pixelmon:spawning/freezing_mountains"
          ]
        },
        "rarity": 0.3
      },
      {
        "spec": "species:Prinplup",
        "stringLocationTypes": [
          "Super Rod"
        ],
        "minLevel": 30,
        "maxLevel": 45,
        "typeID": "pokemon",
        "condition": {
          "biomes": [
            "#pixelmon:spawning/freezing"
          ]
        },
        "anticondition": {
          "biomes": [
            "#pixelmon:spawning/freezing_forests",
            "#pixelmon:spawning/freezing_mountains"
          ]
        },
        "rarity": 20.0
      },
      {
        "spec": "species:Empoleon",
        "stringLocationTypes": [
          "Super Rod"
        ],
        "minLevel": 36,
        "maxLevel": 50,
        "typeID": "pokemon",
        "condition": {
          "biomes": [
            "#pixelmon:spawning/freezing"
          ]
        },
        "anticondition": {
          "biomes": [
            "#pixelmon:spawning/freezing_forests",
            "#pixelmon:spawning/freezing_mountains"
          ]
        },
        "rarity": 5.0
      }
    ]
  }
