{
  "id": "Pyukumuku Fishing",
  "spawnInfos": [
    {
      "spec": "species:Pyukumuku",
      "stringLocationTypes": [
        "Old Rod"
      ],
      "minLevel": 5,
      "maxLevel": 15,
      "typeID": "pokemon",
      "condition": {
        "biomes": [
          "#pixelmon:spawning/oceanic",
          "#pixelmon:spawning/beaches"
        ]
      },
      "anticondition": {
        "biomes": [
          "#pixelmon:spawning/freezing"
        ]
      },
      "rarity": 160.0
    },
    {
      "spec": "species:Pyukumuku",
      "stringLocationTypes": [
        "Good Rod"
      ],
      "minLevel": 15,
      "maxLevel": 30,
      "typeID": "pokemon",
      "condition": {
        "biomes": [
          "#pixelmon:spawning/oceanic",
          "#pixelmon:spawning/beaches"
        ]
      },
      "anticondition": {
        "biomes": [
          "#pixelmon:spawning/freezing"
        ]
      },
      "rarity": 130.0
    }
  ]
}
