{
  "id": "Remoraid Line Fishing",
  "spawnInfos": [
    {
      "spec": "species:Remoraid",
      "stringLocationTypes": [
        "Good Rod"
      ],
      "minLevel": 5,
      "maxLevel": 24,
      "typeID": "pokemon",
      "condition": {
        "biomes": [
          "#pixelmon:spawning/oceanic"
        ]
      },
      "anticondition": {
        "biomes": [
          "#pixelmon:spawning/freezing"
        ]
      },
      "rarity": 130.0
    },
    {
      "spec": "species:Remoraid",
      "stringLocationTypes": [
        "Super Rod"
      ],
      "minLevel": 5,
      "maxLevel": 24,
      "typeID": "pokemon",
      "condition": {
        "biomes": [
          "#pixelmon:spawning/oceanic",
          "#pixelmon:spawning/beaches"
        ]
      },
      "anticondition": {
        "biomes": [
          "#pixelmon:spawning/freezing"
        ]
      },
      "rarity": 100.0
    },
    {
      "spec": "species:Octillery",
      "stringLocationTypes": [
        "Good Rod"
      ],
      "minLevel": 25,
      "maxLevel": 37,
      "typeID": "pokemon",
      "condition": {
        "biomes": [
          "minecraft:ocean",
          "minecraft:warm_ocean",
          "minecraft:lukewarm_ocean",
          "minecraft:cold_ocean",
          "pixelmon:ultra_crater"
        ]
      },
      "rarity": 7.0
    },
    {
      "spec": "species:Octillery",
      "stringLocationTypes": [
        "Super Rod"
      ],
      "minLevel": 30,
      "maxLevel": 42,
      "typeID": "pokemon",
      "condition": {
        "biomes": [
          "#pixelmon:spawning/oceanic",
          "#pixelmon:spawning/beaches",
          "pixelmon:ultra_crater"
        ]
      },
      "anticondition": {
        "biomes": [
          "#pixelmon:spawning/freezing"
        ]
      },
      "rarity": 20.0
    }
  ]
}
