{
  "id": "Seel Line Fishing",
  "spawnInfos": [
    {
      "spec": "species:Seel",
      "stringLocationTypes": [
        "Good Rod"
      ],
      "minLevel": 10,
      "maxLevel": 23,
      "typeID": "pokemon",
      "condition": {
        "times": [
          "DAY"
        ],
        "biomes": [
          "#pixelmon:spawning/freezing"
        ]
      },
      "anticondition": {
        "biomes": [
          "#pixelmon:spawning/freezing_forests"
        ]
      },
      "rarity": 40.0
    },
    {
      "spec": "species:Seel",
      "stringLocationTypes": [
        "Super Rod"
      ],
      "minLevel": 25,
      "maxLevel": 37,
      "typeID": "pokemon",
      "condition": {
        "times": [
          "DAY"
        ],
        "biomes": [
          "#pixelmon:spawning/freezing"
        ]
      },
      "anticondition": {
        "biomes": [
          "#pixelmon:spawning/freezing_forests"
        ]
      },
      "rarity": 70.0
    },
    {
      "spec": "species:Dewgong",
      "stringLocationTypes": [
        "Good Rod"
      ],
      "minLevel": 34,
      "maxLevel": 47,
      "typeID": "pokemon",
      "condition": {
        "times": [
          "DAY"
        ],
        "biomes": [
          "#pixelmon:spawning/freezing"
        ]
      },
      "anticondition": {
        "biomes": [
          "#pixelmon:spawning/freezing_forests"
        ]
      },
      "rarity": 9.0
    },
    {
      "spec": "species:Dewgong",
      "stringLocationTypes": [
        "Super Rod"
      ],
      "minLevel": 37,
      "maxLevel": 52,
      "typeID": "pokemon",
      "condition": {
        "times": [
          "DAY"
        ],
        "biomes": [
          "#pixelmon:spawning/freezing"
        ]
      },
      "anticondition": {
        "biomes": [
          "#pixelmon:spawning/freezing_forests"
        ]
      },
      "rarity": 30.0
    }
  ]
}
