{
  "id": "Slowpoke Line Fishing",
  "spawnInfos": [
    {
      "spec": "species:Slowpoke",
      "stringLocationTypes": [
        "Good Rod"
      ],
      "minLevel": 5,
      "maxLevel": 15,
      "typeID": "pokemon",
      "condition": {
        "times": [
          "AFTERNOON",
          "DUSK"
        ],
        "biomes": [
          "#pixelmon:spawning/rivers",
          "#pixelmon:spawning/beaches",
          "#pixelmon:spawning/lakes"
        ]
      },
      "rarity": 60.0
    },
    {
      "spec": "species:Slowpoke",
      "stringLocationTypes": [
        "Super Rod"
      ],
      "minLevel": 15,
      "maxLevel": 30,
      "typeID": "pokemon",
      "condition": {
        "times": [
          "AFTERNOON",
          "DUSK"
        ],
        "biomes": [
          "#pixelmon:spawning/rivers",
          "#pixelmon:spawning/beaches",
          "#pixelmon:spawning/lakes"
        ]
      },
      "rarity": 100.0
    },
    {
      "spec": "species:Slowpoke form:galarian",
      "stringLocationTypes": [
        "Good Rod"
      ],
      "minLevel": 5,
      "maxLevel": 15,
      "typeID": "pokemon",
      "condition": {
        "times": [
          "DAWN",
          "MORNING"
        ],
        "biomes": [
          "#pixelmon:spawning/beaches",
          "#pixelmon:spawning/lakes",
          "terralith:warm_river"
        ]
      },
      "rarity": 60.0
    },
    {
      "spec": "species:Slowpoke form:galarian",
      "stringLocationTypes": [
        "Super Rod"
      ],
      "minLevel": 15,
      "maxLevel": 30,
      "typeID": "pokemon",
      "condition": {
        "times": [
          "DAWN",
          "MORNING"
        ],
        "biomes": [
          "#pixelmon:spawning/beaches",
          "#pixelmon:spawning/lakes",
          "terralith:warm_river"
        ]
      },
      "rarity": 100.0
    },
    {
      "spec": "species:Slowbro",
      "stringLocationTypes": [
        "Super Rod"
      ],
      "minLevel": 35,
      "maxLevel": 50,
      "typeID": "pokemon",
      "condition": {
        "times": [
          "AFTERNOON",
          "DUSK"
        ],
        "biomes": [
          "#pixelmon:spawning/rivers",
          "#pixelmon:spawning/beaches",
          "#pixelmon:spawning/lakes"
        ]
      },
      "rarity": 7.0
    },
    {
      "spec": "species:Slowbro form:galarian",
      "stringLocationTypes": [
        "Super Rod"
      ],
      "minLevel": 35,
      "maxLevel": 50,
      "typeID": "pokemon",
      "condition": {
        "times": [
          "DAWN",
          "MORNING"
        ],
        "biomes": [
          "#pixelmon:spawning/beaches",
          "#pixelmon:spawning/lakes",
          "terralith:warm_river"
        ]
      },
      "rarity": 7.0
    }
  ]
}
