{
  "id": "Sobble Line Fishing",
  "spawnInfos": [
    {
      "spec": "species:Sobble",
      "stringLocationTypes": [
        "Good Rod"
      ],
      "minLevel": 2,
      "maxLevel": 15,
      "typeID": "pokemon",
      "condition": {
        "times": [
          "DAY"
        ],
        "biomes": [
          "#pixelmon:spawning/rivers",
          "#pixelmon:spawning/lakes"
        ]
      },
      "rarity": 0.5
    },
    {
      "spec": "species:Sobble",
      "stringLocationTypes": [
        "Super Rod"
      ],
      "minLevel": 15,
      "maxLevel": 25,
      "typeID": "pokemon",
      "condition": {
        "times": [
          "DAY"
        ],
        "biomes": [
          "#pixelmon:spawning/rivers",
          "#pixelmon:spawning/lakes"
        ]
      },
      "rarity": 5.0
    },
    {
      "spec": "species:Sobble",
      "stringLocationTypes": [
        "Super Rod"
      ],
      "minLevel": 16,
      "maxLevel": 35,
      "typeID": "pokemon",
      "condition": {
        "times": [
          "DAY"
        ],
        "biomes": [
          "#pixelmon:spawning/rivers",
          "#pixelmon:spawning/lakes"
        ]
      },
      "rarity": 0.5
    }
  ]
}
