{
  "id": "Squirtle Line Fishing",
  "spawnInfos": [
    {
      "spec": "species:Squirtle",
      "stringLocationTypes": [
        "Old Rod"
      ],
      "minLevel": 10,
      "maxLevel": 16,
      "typeID": "pokemon",
      "condition": {
        "biomes": [
          "#pixelmon:spawning/beaches",
          "pixelmon:ultra_forest"
        ]
      },
      "anticondition": {
        "biomes": [
          "#pixelmon:spawning/freezing"
        ]
      },
      "rarity": 0.5
    },
    {
      "spec": "species:Squirtle",
      "stringLocationTypes": [
        "Good Rod"
      ],
      "minLevel": 15,
      "maxLevel": 25,
      "typeID": "pokemon",
      "condition": {
        "biomes": [
          "#pixelmon:spawning/beaches",
          "pixelmon:ultra_forest"
        ]
      },
      "anticondition": {
        "biomes": [
          "#pixelmon:spawning/freezing"
        ]
      },
      "rarity": 5.0
    },
    {
      "spec": "species:Wartortle",
      "stringLocationTypes": [
        "Good Rod"
      ],
      "minLevel": 20,
      "maxLevel": 30,
      "typeID": "pokemon",
      "condition": {
        "biomes": [
          "#pixelmon:spawning/beaches",
          "pixelmon:ultra_forest"
        ]
      },
      "anticondition": {
        "biomes": [
          "#pixelmon:spawning/freezing"
        ]
      },
      "rarity": 0.3
    },
    {
      "spec": "species:Wartortle",
      "stringLocationTypes": [
        "Super Rod"
      ],
      "minLevel": 30,
      "maxLevel": 45,
      "typeID": "pokemon",
      "condition": {
        "biomes": [
          "#pixelmon:spawning/beaches",
          "pixelmon:ultra_forest"
        ]
      },
      "anticondition": {
        "biomes": [
          "#pixelmon:spawning/freezing"
        ]
      },
      "rarity": 20.0
    },
    {
      "spec": "species:Blastoise",
      "stringLocationTypes": [
        "Super Rod"
      ],
      "minLevel": 36,
      "maxLevel": 50,
      "typeID": "pokemon",
      "condition": {
        "biomes": [
          "#pixelmon:spawning/beaches",
          "pixelmon:ultra_forest"
        ]
      },
      "anticondition": {
        "biomes": [
          "#pixelmon:spawning/freezing"
        ]
      },
      "rarity": 5.0
    }
  ]
}
