{
  "id": "Staryu Line Fishing",
  "spawnInfos": [
    {
      "spec": "species:Staryu",
      "stringLocationTypes": [
        "Good Rod"
      ],
      "minLevel": 15,
      "maxLevel": 25,
      "typeID": "pokemon",
      "heldItems": [
        {
          "itemID": "pixelmon:star_piece",
          "percentChance": 5
        },
        {
          "itemID": "pixelmon:stardust",
          "percentChance": 50
        }
      ],
      "condition": {
        "times": [
          "NIGHT"
        ],
        "biomes": [
          "#pixelmon:spawning/oceanic",
          "#pixelmon:spawning/beaches"
        ]
      },
      "rarity": 40.0
    },
    {
      "spec": "species:Staryu",
      "stringLocationTypes": [
        "Super Rod"
      ],
      "minLevel": 20,
      "maxLevel": 25,
      "typeID": "pokemon",
      "heldItems": [
        {
          "itemID": "pixelmon:star_piece",
          "percentChance": 5
        },
        {
          "itemID": "pixelmon:stardust",
          "percentChance": 50
        }
      ],
      "condition": {
        "times": [
          "NIGHT"
        ],
        "biomes": [
          "#pixelmon:spawning/oceanic",
          "#pixelmon:spawning/beaches"
        ]
      },
      "rarity": 80.0
    },
    {
      "spec": "species:Starmie",
      "stringLocationTypes": [
        "Super Rod"
      ],
      "minLevel": 25,
      "maxLevel": 40,
      "typeID": "pokemon",
      "heldItems": [
        {
          "itemID": "pixelmon:star_piece",
          "percentChance": 5
        },
        {
          "itemID": "pixelmon:stardust",
          "percentChance": 50
        }
      ],
      "condition": {
        "times": [
          "NIGHT"
        ],
        "biomes": [
          "#pixelmon:spawning/oceanic",
          "#pixelmon:spawning/beaches",
          "pixelmon:ultra_desert"
        ]
      },
      "rarity": 5.0
    }
  ]
}
