{
    "id": "Tadbulb Line Fishing",
    "spawnInfos": [
      {
        "spec": "species:Tadbulb",
        "stringLocationTypes": [
          "Old Rod"
        ],
        "minLevel": 5,
        "maxLevel": 17,
        "typeID": "pokemon",
        "condition": {
          "biomes": [
            "#pixelmon:spawning/rivers",
            "#pixelmon:spawning/lakes",
            "#pixelmon:spawning/swamps"
          ]
        },
        "rarity": 30.0
      },
      {
        "spec": "species:Tadbulb",
        "stringLocationTypes": [
          "Good Rod"
        ],
        "minLevel": 5,
        "maxLevel": 17,
        "typeID": "pokemon",
        "condition": {
          "biomes": [
            "#pixelmon:spawning/rivers",
            "#pixelmon:spawning/lakes",
            "#pixelmon:spawning/swamps"
          ]
        },
        "rarity": 30.0
      },
      {
        "spec": "species:Bellibolt",
        "stringLocationTypes": [
          "Good Rod"
        ],
        "minLevel": 35,
        "maxLevel": 45,
        "typeID": "pokemon",
        "condition": {
          "biomes": [
            "#pixelmon:spawning/rivers",
            "#pixelmon:spawning/lakes",
            "#pixelmon:spawning/swamps",
            "pixelmon:ultra_plant"
          ]
        },
        "rarity": 70.0
      },
      {
        "spec": "species:Bellibolt",
        "stringLocationTypes": [
          "Super Rod"
        ],
        "minLevel": 35,
        "maxLevel": 45,
        "typeID": "pokemon",
        "condition": {
          "biomes": [
            "#pixelmon:spawning/rivers",
            "#pixelmon:spawning/lakes",
            "#pixelmon:spawning/swamps",
            "pixelmon:ultra_plant"
          ]
        },
        "rarity": 40.0
      }
    ]
  }
