{
  "id": "Torkoal Fishing",
  "spawnInfos": [
    {
      "spec": "species:Torkoal",
      "stringLocationTypes": [
        "Good Rod Lava"
      ],
      "minLevel": 15,
      "maxLevel": 25,
      "typeID": "pokemon",
      "heldItems": [
        {
          "itemID": "pixelmon:charcoal",
          "percentChance": 5
        }
      ],
      "condition": {
        "biomes": [
          "#pixelmon:spawning/arid",
          "#pixelmon:spawning/savannas",
          "#pixelmon:spawning/mesas",
          "#pixelmon:spawning/mountainous",
          "#pixelmon:spawning/volcanic",
          "#pixelmon:spawning/hellish"
        ]
      },
      "rarity": 20.0
    },
    {
      "spec": "species:Torkoal",
      "stringLocationTypes": [
        "Super Rod Lava"
      ],
      "minLevel": 25,
      "maxLevel": 35,
      "typeID": "pokemon",
      "heldItems": [
        {
          "itemID": "pixelmon:charcoal",
          "percentChance": 5
        }
      ],
      "condition": {
        "biomes": [
          "#pixelmon:spawning/arid",
          "#pixelmon:spawning/savannas",
          "#pixelmon:spawning/mesas",
          "#pixelmon:spawning/mountainous",
          "#pixelmon:spawning/volcanic",
          "#pixelmon:spawning/hellish"
        ]
      },
      "rarity": 80.0
    }
  ]
}
