{
  "id": "Tympole Line Fishing",
  "spawnInfos": [
    {
      "spec": "species:Tympole",
      "stringLocationTypes": [
        "Old Rod"
      ],
      "minLevel": 10,
      "maxLevel": 25,
      "typeID": "pokemon",
      "condition": {
        "times": [
          "NIGHT"
        ],
        "biomes": [
          "#pixelmon:spawning/rivers",
          "#pixelmon:spawning/swamps",
          "#pixelmon:spawning/lakes"
        ]
      },
      "rarity": 130.0
    },
    {
      "spec": "species:Tympole",
      "stringLocationTypes": [
        "Good Rod"
      ],
      "minLevel": 10,
      "maxLevel": 25,
      "typeID": "pokemon",
      "condition": {
        "times": [
          "NIGHT"
        ],
        "biomes": [
          "#pixelmon:spawning/rivers",
          "#pixelmon:spawning/swamps",
          "#pixelmon:spawning/lakes"
        ]
      },
      "rarity": 100.0
    },
    {
      "spec": "species:Palpitoad",
      "stringLocationTypes": [
        "Good Rod"
      ],
      "minLevel": 25,
      "maxLevel": 38,
      "typeID": "pokemon",
      "condition": {
        "times": [
          "NIGHT"
        ],
        "biomes": [
          "#pixelmon:spawning/rivers",
          "#pixelmon:spawning/swamps",
          "#pixelmon:spawning/lakes",
          "pixelmon:ultra_forest",
          "pixelmon:ultra_crater"
        ]
      },
      "rarity": 60.0
    },
    {
      "spec": "species:Palpitoad",
      "stringLocationTypes": [
        "Super Rod"
      ],
      "minLevel": 25,
      "maxLevel": 38,
      "typeID": "pokemon",
      "condition": {
        "times": [
          "NIGHT"
        ],
        "biomes": [
          "#pixelmon:spawning/rivers",
          "#pixelmon:spawning/swamps",
          "#pixelmon:spawning/lakes",
          "pixelmon:ultra_forest",
          "pixelmon:ultra_crater"
        ]
      },
      "rarity": 20.0
    },
    {
      "spec": "species:Seismitoad",
      "stringLocationTypes": [
        "Super Rod"
      ],
      "minLevel": 36,
      "maxLevel": 48,
      "typeID": "pokemon",
      "condition": {
        "times": [
          "NIGHT"
        ],
        "biomes": [
          "#pixelmon:spawning/rivers",
          "#pixelmon:spawning/swamps",
          "#pixelmon:spawning/lakes",
          "pixelmon:ultra_forest",
          "pixelmon:ultra_crater"
        ]
      },
      "rarity": 7.0
    }
  ]
}
