{
  "id": "Vaporeon Fishing",
  "spawnInfos": [
    {
      "spec": "species:Vaporeon",
      "stringLocationTypes": [
        "Super Rod"
      ],
      "minLevel": 25,
      "maxLevel": 35,
      "typeID": "pokemon",
      "condition": {
        "biomes": [
          "#pixelmon:spawning/beaches"
        ]
      },
      "anticondition": {
        "biomes": [
          "#pixelmon:spawning/freezing"
        ]
      },
      "rarityMultipliers": [
        {
          "multiplier": 2.5,
          "condition": {
            "weathers": [
              "RAIN"
            ]
          }
        }
      ],
      "rarity": 7.0
    }
  ]
}
