{
  "id": "Applin Curry",
  "spawnInfos": [
    {
      "spec": "species:Applin",
      "stringLocationTypes": [
        "Curry"
      ],
      "minLevel": 10,
      "maxLevel": 25,
      "typeID": "pokemon",
      "heldItems": [
        {
          "itemID": "pixelmon:tart_apple",
          "percentChance": 5
        },
        {
          "itemID": "pixelmon:sweet_apple",
          "percentChance": 5
        }
      ],
      "condition": {
        "biomes": [
          "#pixelmon:spawning/forests"
        ]
      },
      "rarity": 50.0
    }
  ]
}
