{
  "id": "Budew Curry",
  "spawnInfos": [
    {
      "spec": "species:Budew",
      "stringLocationTypes": [
        "Curry"
      ],
      "minLevel": 5,
      "maxLevel": 15,
      "typeID": "pokemon",
      "heldItems": [
        {
          "itemID": "pixelmon:poison_barb",
          "percentChance": 5
        }
      ],
      "condition": {
        "biomes": [
          "#pixelmon:spawning/flowery",
          "#pixelmon:spawning/magical"
        ]
      },
      "rarity": 5.0
    }
  ]
}
