{
  "id": "Castform Curry",
  "spawnInfos": [
    {
      "spec": "species:Castform",
      "stringLocationTypes": [
        "Curry"
      ],
      "minLevel": 25,
      "maxLevel": 35,
      "typeID": "pokemon",
      "heldItems": [
        {
          "itemID": "pixelmon:mystic_water",
          "percentChance": 100
        }
      ],
      "condition": {
        "weathers": [
          "CLEAR"
        ],
        "biomes": [
          "#pixelmon:spawning/mountainous"
        ]
      },
      "rarity": 8.0
    },
    {
      "spec": "species:Castform form:snow",
      "stringLocationTypes": [
        "Curry"
      ],
      "minLevel": 25,
      "maxLevel": 35,
      "typeID": "pokemon",
      "heldItems": [
        {
          "itemID": "pixelmon:icy_rock",
          "percentChance": 100
        }
      ],
      "condition": {
        "weathers": [
          "RAIN"
        ],
        "biomes": [
          "#pixelmon:spawning/freezing"
        ]
      },
      "rarity": 8.0
    },
    {
      "spec": "species:Castform form:rain",
      "stringLocationTypes": [
        "Curry"
      ],
      "minLevel": 25,
      "maxLevel": 35,
      "typeID": "pokemon",
      "heldItems": [
        {
          "itemID": "pixelmon:damp_rock",
          "percentChance": 100
        }
      ],
      "condition": {
        "weathers": [
          "RAIN"
        ],
        "biomes": [
          "#pixelmon:spawning/mountainous"
        ]
      },
      "anticondition": {
        "biomes": [
          "#pixelmon:spawning/arid",
          "#pixelmon:spawning/freezing"
        ]
      },
      "rarity": 8.0
    },
    {
      "spec": "species:Castform form:sun",
      "stringLocationTypes": [
        "Curry"
      ],
      "minLevel": 25,
      "maxLevel": 35,
      "typeID": "pokemon",
      "heldItems": [
        {
          "itemID": "pixelmon:heat_rock",
          "percentChance": 100
        }
      ],
      "condition": {
        "biomes": [
          "#pixelmon:spawning/arid"
        ]
      },
      "rarity": 8.0
    }
  ]
}
