{
  "id": "Crabrawler Curry",
  "spawnInfos": [
    {
      "spec": "species:Crabrawler",
      "stringLocationTypes": [
        "Curry"
      ],
      "minLevel": 15,
      "maxLevel": 35,
      "typeID": "pokemon",
      "heldItems": [
        {
          "itemID": "pixelmon:aspear_berry",
          "percentChance": 5
        }
      ],
      "condition": {
        "biomes": [
          "#pixelmon:spawning/beaches"
        ]
      },
      "anticondition": {
        "biomes": [
          "#pixelmon:spawning/freezing"
        ]
      },
      "rarity": 20.0
    }
  ]
}
