{
  "id": "Diglett Curry",
  "spawnInfos": [
    {
      "spec": "species:Diglett",
      "stringLocationTypes": [
        "Curry"
      ],
      "minLevel": 10,
      "maxLevel": 26,
      "typeID": "pokemon",
      "heldItems": [
        {
          "itemID": "pixelmon:soft_sand",
          "percentChance": 5
        }
      ],
      "condition": {
        "biomes": [
          "#pixelmon:spawning/arid",
          "#pixelmon:spawning/mesas"
        ]
      },
      "rarity": 150.0
    },
    {
      "spec": "species:Diglett form:alolan",
      "stringLocationTypes": [
        "Curry"
      ],
      "minLevel": 10,
      "maxLevel": 26,
      "typeID": "pokemon",
      "heldItems": [
        {
          "itemID": "pixelmon:soft_sand",
          "percentChance": 5
        }
      ],
      "condition": {
        "biomes": [
          "#pixelmon:spawning/arid",
          "#pixelmon:spawning/mesas"
        ]
      },
      "rarity": 20.0
    }
  ]
}
