{
  "id": "Exeggcute Curry",
  "spawnInfos": [
    {
      "spec": "species:Exeggcute",
      "stringLocationTypes": [
        "Curry"
      ],
      "minLevel": 15,
      "maxLevel": 20,
      "typeID": "pokemon",
      "heldItems": [
        {
          "itemID": "pixelmon:psychic_seed",
          "percentChance": 5
        }
      ],
      "condition": {
        "biomes": [
          "#pixelmon:spawning/taigas",
          "#pixelmon:spawning/jungles"
        ]
      },
      "rarity": 50.0
    }
  ]
}
