{
  "id": "Ferroseed Curry",
  "spawnInfos": [
    {
      "spec": "species:Ferroseed",
      "stringLocationTypes": [
        "Curry"
      ],
      "minLevel": 15,
      "maxLevel": 25,
      "typeID": "pokemon",
      "heldItems": [
        {
          "itemID": "pixelmon:sticky_barb",
          "percentChance": 5
        }
      ],
      "condition": {
        "biomes": [
          "#pixelmon:spawning/redwoods",
          "#pixelmon:spawning/freezing_forests"
        ]
      },
      "rarity": 80.0
    }
  ]
}
