{
  "id": "Geodude Curry",
  "spawnInfos": [
    {
      "spec": "species:Geodude",
      "stringLocationTypes": [
        "Curry"
      ],
      "minLevel": 10,
      "maxLevel": 25,
      "typeID": "pokemon",
      "heldItems": [
        {
          "itemID": "pixelmon:ever_stone",
          "percentChance": 5
        }
      ],
      "condition": {
        "biomes": [
          "#pixelmon:spawning/arid",
          "#pixelmon:spawning/mountainous",
          "#pixelmon:spawning/mesas",
          "#pixelmon:spawning/volcanic"
        ]
      },
      "rarity": 150.0
    },
    {
      "spec": "species:Geodude form:alolan",
      "stringLocationTypes": [
        "Curry"
      ],
      "minLevel": 10,
      "maxLevel": 25,
      "typeID": "pokemon",
      "heldItems": [
        {
          "itemID": "pixelmon:cell_battery",
          "percentChance": 5
        }
      ],
      "condition": {
        "biomes": [
          "minecraft:windswept_gravelly_hills",
          "minecraft:windswept_savanna",
          "terralith:savanna_badlands",
          "terralith:savanna_slopes"
        ]
      },
      "rarity": 20.0
    }
  ]
}
