{
  "id": "Grimer Curry",
  "spawnInfos": [
    {
      "spec": "species:Grimer",
      "stringLocationTypes": [
        "Curry"
      ],
      "minLevel": 10,
      "maxLevel": 38,
      "typeID": "pokemon",
      "heldItems": [
        {
          "itemID": "pixelmon:black_sludge",
          "percentChance": 5
        }
      ],
      "condition": {
        "biomes": [
          "#pixelmon:spawning/swamps",
          "#pixelmon:spawning/evil",
          "pixelmon:ultra_deep_sea"
        ]
      },
      "rarity": 90.0
    },
    {
      "spec": "species:Grimer form:alolan",
      "stringLocationTypes": [
        "Curry"
      ],
      "minLevel": 10,
      "maxLevel": 38,
      "typeID": "pokemon",
      "heldItems": [
        {
          "itemID": "pixelmon:black_sludge",
          "percentChance": 5
        }
      ],
      "condition": {
        "biomes": [
          "#pixelmon:spawning/swamps",
          "#pixelmon:spawning/evil",
          "pixelmon:ultra_deep_sea"
        ]
      },
      "rarity": 10.0
    }
  ]
}
