{
  "id": "Growlithe Curry",
  "spawnInfos": [
    {
      "spec": "species:Growlithe",
      "stringLocationTypes": [
        "Curry"
      ],
      "minLevel": 5,
      "maxLevel": 17,
      "typeID": "pokemon",
      "condition": {
        "biomes": [
          "#pixelmon:spawning/savannas",
          "#pixelmon:spawning/volcanic"
        ]
      },
      "rarity": 30.0
    },
    {
      "spec": "species:Growlithe form:hisuian",
      "stringLocationTypes": [
        "Curry"
      ],
      "minLevel": 5,
      "maxLevel": 17,
      "typeID": "pokemon",
      "condition": {
        "biomes": [
          "#pixelmon:spawning/mountainous",
          "#pixelmon:spawning/volcanic",
          "pixelmon:ultra_crater"
        ]
      },
      "rarity": 5.0
    }
  ]
}
