{
  "id": "Lunatone Curry",
  "spawnInfos": [
    {
      "spec": "species:Lunatone form:gibbous",
      "stringLocationTypes": [
        "Curry"
      ],
      "minLevel": 20,
      "maxLevel": 50,
      "typeID": "pokemon",
      "heldItems": [
        {
          "itemID": "pixelmon:moon_stone",
          "percentChance": 5
        },
        {
          "itemID": "pixelmon:stardust",
          "percentChance": 50
        }
      ],
      "condition": {
        "biomes": [
          "minecraft:wooded_badlands"
        ]
      },
      "rarity": 1.0
    }
  ]
}
