{
  "id": "Magnemite Curry",
  "spawnInfos": [
    {
      "spec": "species:Magnemite",
      "stringLocationTypes": [
        "Curry"
      ],
      "minLevel": 10,
      "maxLevel": 30,
      "typeID": "pokemon",
      "heldItems": [
        {
          "itemID": "pixelmon:metal_coat",
          "percentChance": 5
        }
      ],
      "condition": {
        "biomes": [
          "#pixelmon:spawning/freezing_mountains",
          "#pixelmon:spawning/mountainous"
        ]
      },
      "rarity": 70.0
    }
  ]
}
