{
  "id": "Meowth Curry",
  "spawnInfos": [
    {
      "spec": "species:Meowth",
      "stringLocationTypes": [
        "Curry"
      ],
      "minLevel": 10,
      "maxLevel": 28,
      "typeID": "pokemon",
      "heldItems": [
        {
          "itemID": "pixelmon:quick_claw",
          "percentChance": 5
        }
      ],
      "condition": {
        "biomes": [
          "#pixelmon:spawning/plains"
        ]
      },
      "rarity": 100.0
    },
    {
      "spec": "species:Meowth form:alolan",
      "stringLocationTypes": [
        "Curry"
      ],
      "minLevel": 10,
      "maxLevel": 28,
      "typeID": "pokemon",
      "heldItems": [
        {
          "itemID": "pixelmon:quick_claw",
          "percentChance": 5
        }
      ],
      "condition": {
        "biomes": [
          "#pixelmon:spawning/plains"
        ]
      },
      "rarity": 10.0
    },
    {
      "spec": "species:Meowth form:galarian",
      "stringLocationTypes": [
        "Curry"
      ],
      "minLevel": 10,
      "maxLevel": 28,
      "typeID": "pokemon",
      "heldItems": [
        {
          "itemID": "pixelmon:quick_claw",
          "percentChance": 5
        }
      ],
      "condition": {
        "biomes": [
          "minecraft:snowy_plains",
          "#pixelmon:spawning/freezing_mountains",
          "biomesoplenty:tundra"
        ]
      },
      "rarity": 70.0
    }
  ]
}
