{
  "id": "Milcery Curry",
  "spawnInfos": [
    {
      "spec": "species:Milcery",
      "stringLocationTypes": [
        "Curry"
      ],
      "minLevel": 5,
      "maxLevel": 20,
      "typeID": "pokemon",
      "heldItems": [
        {
          "itemID": "pixelmon:sweet_strawberry",
          "percentChance": 5
        },
        {
          "itemID": "pixelmon:sweet_flower",
          "percentChance": 5
        },
        {
          "itemID": "pixelmon:sweet_love",
          "percentChance": 5
        },
        {
          "itemID": "pixelmon:sweet_berry",
          "percentChance": 5
        },
        {
          "itemID": "pixelmon:sweet_clover",
          "percentChance": 5
        },
        {
          "itemID": "pixelmon:sweet_star",
          "percentChance": 5
        },
        {
          "itemID": "pixelmon:sweet_ribbon",
          "percentChance": 5
        }
      ],
      "condition": {
        "biomes": [
          "#pixelmon:spawning/all_forests"
        ]
      },
      "rarity": 40.0
    }
  ]
}
