{
  "id": "Mimikyu Curry",
  "spawnInfos": [
    {
      "spec": "species:Mimikyu",
      "stringLocationTypes": [
        "Curry"
      ],
      "minLevel": 15,
      "maxLevel": 45,
      "typeID": "pokemon",
      "heldItems": [
        {
          "itemID": "pixelmon:chesto_berry",
          "percentChance": 5
        }
      ],
      "condition": {
        "biomes": [
          "#pixelmon:spawning/roofed",
          "#pixelmon:spawning/evil"
        ]
      },
      "rarity": 10.0
    }
  ]
}
