{
  "id": "Mudbray Curry",
  "spawnInfos": [
    {
      "spec": "species:Mudbray",
      "stringLocationTypes": [
        "Curry"
      ],
      "minLevel": 10,
      "maxLevel": 29,
      "typeID": "pokemon",
      "heldItems": [
        {
          "itemID": "pixelmon:light_clay",
          "percentChance": 5
        }
      ],
      "condition": {
        "biomes": [
          "#pixelmon:spawning/plains",
          "#pixelmon:spawning/mountainous"
        ]
      },
      "rarity": 80.0
    }
  ]
}
