{
  "id": "Seedot Curry",
  "spawnInfos": [
    {
      "spec": "species:Seedot",
      "stringLocationTypes": [
        "Curry"
      ],
      "minLevel": 2,
      "maxLevel": 13,
      "typeID": "pokemon",
      "heldItems": [
        {
          "itemID": "pixelmon:power_herb",
          "percentChance": 5
        }
      ],
      "condition": {
        "biomes": [
          "#pixelmon:spawning/redwoods",
          "#pixelmon:spawning/taigas"
        ]
      },
      "rarity": 90.0
    }
  ]
}
