{
  "id": "Sewaddle Curry",
  "spawnInfos": [
    {
      "spec": "species:Sewaddle",
      "stringLocationTypes": [
        "Curry"
      ],
      "minLevel": 5,
      "maxLevel": 20,
      "typeID": "pokemon",
      "heldItems": [
        {
          "itemID": "pixelmon:mental_herb",
          "percentChance": 5
        }
      ],
      "condition": {
        "biomes": [
          "#pixelmon:spawning/forests",
          "#pixelmon:spawning/flowery"
        ]
      },
      "rarity": 130.0
    }
  ]
}
