{
  "id": "Shellder Curry",
  "spawnInfos": [
    {
      "spec": "species:Shellder",
      "stringLocationTypes": [
        "Curry"
      ],
      "minLevel": 5,
      "maxLevel": 15,
      "typeID": "pokemon",
      "heldItems": [
        {
          "itemID": "pixelmon:big_pearl",
          "percentChance": 5
        },
        {
          "itemID": "pixelmon:pearl",
          "percentChance": 50
        }
      ],
      "condition": {
        "biomes": [
          "#pixelmon:spawning/beaches"
        ]
      },
      "rarity": 20.0
    }
  ]
}
