{
  "id": "Shroomish Curry",
  "spawnInfos": [
    {
      "spec": "species:Shroomish",
      "stringLocationTypes": [
        "Curry"
      ],
      "minLevel": 2,
      "maxLevel": 22,
      "typeID": "pokemon",
      "heldItems": [
        {
          "itemID": "pixelmon:big_mushroom",
          "percentChance": 5
        },
        {
          "itemID": "pixelmon:tiny_mushroom",
          "percentChance": 50
        }
      ],
      "condition": {
        "biomes": [
          "#pixelmon:spawning/roofed",
          "#pixelmon:spawning/mushroom"
        ]
      },
      "rarity": 80.0
    }
  ]
}
