{
  "id": "Sinistea Curry",
  "spawnInfos": [
    {
      "spec": "species:Sinistea palette:phony",
      "stringLocationTypes": [
        "Curry"
      ],
      "minLevel": 10,
      "maxLevel": 30,
      "typeID": "pokemon",
      "heldItems": [
        {
          "itemID": "pixelmon:cracked_pot",
          "percentChance": 5
        }
      ],
      "condition": {
        "biomes": [
          "#pixelmon:spawning/roofed",
          "#pixelmon:spawning/evil"
        ]
      },
      "rarity": 60.0
    },
    {
      "spec": "species:Sinistea palette:authentic",
      "stringLocationTypes": [
        "Curry"
      ],
      "minLevel": 10,
      "maxLevel": 30,
      "typeID": "pokemon",
      "heldItems": [
        {
          "itemID": "pixelmon:chipped_pot",
          "percentChance": 5
        }
      ],
      "condition": {
        "biomes": [
          "#pixelmon:spawning/roofed",
          "#pixelmon:spawning/evil"
        ]
      },
      "rarity": 10.0
    }
  ]
}
