{
  "id": "Sneasel Curry",
  "spawnInfos": [
    {
      "spec": "species:Sneasel",
      "stringLocationTypes": [
        "Curry"
      ],
      "minLevel": 5,
      "maxLevel": 35,
      "typeID": "pokemon",
      "heldItems": [
        {
          "itemID": "pixelmon:quick_claw",
          "percentChance": 5
        }
      ],
      "condition": {
        "biomes": [
          "#pixelmon:spawning/freezing_forests"
        ]
      },
      "rarity": 40.0
    },
    {
      "spec": "species:Sneasel form:hisuian",
      "stringLocationTypes": [
        "Curry"
      ],
      "minLevel": 5,
      "maxLevel": 35,
      "typeID": "pokemon",
      "heldItems": [
        {
          "itemID": "pixelmon:quick_claw",
          "percentChance": 5
        }
      ],
      "condition": {
        "biomes": [
          "#pixelmon:spawning/freezing_forests"
        ]
      },
      "rarity": 5.0
    }
  ]
}
