{
  "id": "Snover Curry",
  "spawnInfos": [
    {
      "spec": "species:Snover",
      "stringLocationTypes": [
        "Curry"
      ],
      "minLevel": 35,
      "maxLevel": 40,
      "typeID": "pokemon",
      "heldItems": [
        {
          "itemID": "pixelmon:never_melt_ice",
          "percentChance": 5
        }
      ],
      "condition": {
        "biomes": [
          "#pixelmon:spawning/freezing_forests",
          "#pixelmon:spawning/freezing_mountains"
        ]
      },
      "rarity": 80.0
    }
  ]
}
