{
  "id": "Spearow Curry",
  "spawnInfos": [
    {
      "spec": "species:Spearow",
      "stringLocationTypes": [
        "Curry"
      ],
      "minLevel": 5,
      "maxLevel": 20,
      "typeID": "pokemon",
      "heldItems": [
        {
          "itemID": "pixelmon:sharp_beak",
          "percentChance": 5
        }
      ],
      "condition": {
        "biomes": [
          "#pixelmon:spawning/hills",
          "#pixelmon:spawning/mountainous",
          "#pixelmon:spawning/mesas",
          "#pixelmon:spawning/volcanic"
        ]
      },
      "rarity": 100.0
    }
  ]
}
