{
  "id": "Throh Curry",
  "spawnInfos": [
    {
      "spec": "species:Throh",
      "stringLocationTypes": [
        "Curry"
      ],
      "minLevel": 34,
      "maxLevel": 48,
      "typeID": "pokemon",
      "heldItems": [
        {
          "itemID": "pixelmon:black_belt",
          "percentChance": 5
        }
      ],
      "condition": {
        "biomes": [
          "minecraft:windswept_savanna",
          "terralith:savanna_badlands",
          "terralith:savanna_slopes"
        ]
      },
      "rarity": 1.0
    }
  ]
}
