{
  "id": "Volbeat Curry",
  "spawnInfos": [
    {
      "spec": "species:Volbeat",
      "stringLocationTypes": [
        "Curry"
      ],
      "minLevel": 10,
      "maxLevel": 15,
      "typeID": "pokemon",
      "heldItems": [
        {
          "itemID": "pixelmon:bright_powder",
          "percentChance": 5
        }
      ],
      "condition": {
        "biomes": [
          "#pixelmon:spawning/redwoods",
          "#pixelmon:spawning/taigas"
        ]
      },
      "rarity": 40.0
    }
  ]
}
