{
  "id": "Vulpix Curry",
  "spawnInfos": [
    {
      "spec": "species:Vulpix",
      "stringLocationTypes": [
        "Curry"
      ],
      "minLevel": 10,
      "maxLevel": 19,
      "typeID": "pokemon",
      "heldItems": [
        {
          "itemID": "pixelmon:charcoal",
          "percentChance": 5
        }
      ],
      "condition": {
        "biomes": [
          "#pixelmon:spawning/redwoods",
          "biomesoplenty:seasonal_orchard",
          "pixelmon:ultra_forest"
        ]
      },
      "rarity": 40.0
    },
    {
      "spec": "species:Vulpix form:alolan",
      "stringLocationTypes": [
        "Curry"
      ],
      "minLevel": 10,
      "maxLevel": 19,
      "typeID": "pokemon",
      "heldItems": [
        {
          "itemID": "pixelmon:snowball",
          "percentChance": 5
        }
      ],
      "condition": {
        "biomes": [
          "#pixelmon:spawning/freezing_forests"
        ]
      },
      "rarity": 5.0
    }
  ]
}
