{
  "id": "Wooper Curry",
  "spawnInfos": [
    {
      "spec": "species:Wooper",
      "stringLocationTypes": [
        "Curry"
      ],
      "minLevel": 5,
      "maxLevel": 19,
      "typeID": "pokemon",
      "condition": {
        "biomes": [
          "#pixelmon:spawning/swamps",
          "#pixelmon:spawning/rivers",
          "#pixelmon:spawning/lakes"
        ]
      },
      "rarity": 130.0
    },
    {
      "spec": "species:Wooper form:paldean",
      "stringLocationTypes": [
        "Curry"
      ],
      "minLevel": 5,
      "maxLevel": 19,
      "typeID": "pokemon",
      "condition": {
        "biomes": [
          "#pixelmon:spawning/swamps"
        ]
      },
      "rarity": 90.0
    }
  ]
}
