{
  "id": "Wurmple Curry",
  "spawnInfos": [
    {
      "spec": "species:Wurmple",
      "stringLocationTypes": [
        "Curry"
      ],
      "minLevel": 4,
      "maxLevel": 8,
      "typeID": "pokemon",
      "heldItems": [
        {
          "itemID": "pixelmon:bright_powder",
          "percentChance": 5
        },
        {
          "itemID": "pixelmon:pecha_berry",
          "percentChance": 50
        }
      ],
      "condition": {
        "biomes": [
          "#pixelmon:spawning/all_forests"
        ]
      },
      "rarity": 150.0
    }
  ]
}
