{
  "id": "Zangoose Curry",
  "spawnInfos": [
    {
      "spec": "species:Zangoose",
      "stringLocationTypes": [
        "Curry"
      ],
      "minLevel": 5,
      "maxLevel": 65,
      "typeID": "pokemon",
      "heldItems": [
        {
          "itemID": "pixelmon:quick_claw",
          "percentChance": 5
        }
      ],
      "condition": {
        "biomes": [
          "#pixelmon:spawning/plains",
          "#pixelmon:spawning/rivers",
          "#pixelmon:spawning/lakes"
        ]
      },
      "rarity": 5.0
    }
  ]
}
