{
  "id": "Zorua Curry",
  "spawnInfos": [
    {
      "spec": "species:Zorua",
      "stringLocationTypes": [
        "Curry"
      ],
      "minLevel": 5,
      "maxLevel": 25,
      "typeID": "pokemon",
      "condition": {
        "biomes": [
          "#pixelmon:spawning/plains"
        ]
      },
      "rarity": 15.0
    },
    {
      "spec": "species:Zorua form:hisuian",
      "stringLocationTypes": [
        "Curry"
      ],
      "minLevel": 5,
      "maxLevel": 25,
      "typeID": "pokemon",
      "condition": {
        "biomes": [
          "#pixelmon:spawning/freezing_forests",
          "minecraft:ice_spikes"
        ]
      },
      "rarity": 1.0
    }
  ]
}
